feature,pip
beehiiv_impr_sat,0.4372146671187226
google_spend_adstock,0.42688297763235133
beehiiv_spend_adstock,0.42396709413075223
google_impr_sat,0.4192742379705685
engine_spend_adstock,0.41718262059927264
liveintent_spend_adstock,0.41605040246666664
moloco_spend_adstock,0.41334088970074345
tiktok_spend_adstock,0.4031655544221027
moloco_impr_sat,0.40289291798094423
tiktok_impr_sat,0.40056977044581643
meta_impr_sat,0.3998311235061982
amazon_impr_sat,0.3954325277830054
